-- Adminer 4.8.1 MySQL 8.0.41-0ubuntu0.24.04.1 dump

SET NAMES utf8;
SET time_zone = '+00:00';
SET foreign_key_checks = 0;
SET sql_mode = 'NO_AUTO_VALUE_ON_ZERO';

SET NAMES utf8mb4;

CREATE DATABASE `pokedex` /*!40100 DEFAULT CHARACTER SET utf8mb4 COLLATE utf8mb4_0900_ai_ci */ /*!80016 DEFAULT ENCRYPTION='N' */;
USE `pokedex`;

DROP TABLE IF EXISTS `category`;
CREATE TABLE `category` (
  `id` int NOT NULL AUTO_INCREMENT,
  `name` varchar(255) COLLATE utf8mb4_unicode_ci NOT NULL,
  PRIMARY KEY (`id`),
  UNIQUE KEY `UNIQ_64C19C15E237E06` (`name`)
) ENGINE=InnoDB AUTO_INCREMENT=100 DEFAULT CHARSET=utf8mb4 COLLATE=utf8mb4_unicode_ci;

INSERT INTO `category` (`id`, `name`) VALUES
(64,	'Balle'),
(20,	'Bec-Oiseau'),
(57,	'Bivalve'),
(80,	'Bloqueur'),
(27,	'Bouboule'),
(86,	'Buffle'),
(91,	'Bulleur'),
(37,	'Canard'),
(52,	'Canard Fou'),
(6,	'Carapace'),
(44,	'Carnivore'),
(35,	'Chadégout'),
(36,	'Chadeville'),
(31,	'Champignon'),
(48,	'Cheval Feu'),
(39,	'Chiot'),
(28,	'Chovsouris'),
(22,	'Cobra'),
(8,	'Cocon'),
(43,	'Colosse'),
(84,	'Crache-Feu'),
(49,	'Crétin'),
(56,	'Dégueu'),
(62,	'Doux Crabe'),
(76,	'Dragon'),
(53,	'Duoiseau'),
(83,	'Électrique'),
(78,	'Étoile'),
(90,	'Évolutif'),
(25,	'Fée'),
(1,	'Flamme'),
(30,	'Fleur'),
(95,	'Fossile'),
(66,	'Fruitpalme'),
(68,	'Gard’Os'),
(58,	'Gaz'),
(72,	'Gaz Mortel'),
(98,	'Génétique'),
(97,	'Glaciaire'),
(2,	'Graine'),
(15,	'Guêpoison'),
(82,	'Humanoïde'),
(61,	'Hypnose'),
(10,	'Insectopic'),
(69,	'Latteur'),
(71,	'Lécheur'),
(40,	'Légendaire'),
(3,	'Lézard'),
(51,	'Magnétique'),
(81,	'Mante'),
(75,	'Maternel'),
(16,	'Minioiseau'),
(4,	'Minitortue'),
(19,	'Minoiseau'),
(45,	'Mollusque'),
(89,	'Morphing'),
(79,	'Mystérieux'),
(99,	'Nouveau'),
(65,	'Œuf'),
(17,	'Oiseau'),
(59,	'Ombre'),
(92,	'Orage'),
(55,	'Otarie'),
(9,	'Papillon'),
(33,	'Papipoison'),
(24,	'Perceur'),
(63,	'Pince'),
(96,	'Pionceur'),
(73,	'Piquant'),
(77,	'Poisson'),
(38,	'Porsinge'),
(42,	'Psy'),
(70,	'Puncheur'),
(29,	'Racine'),
(26,	'Renard'),
(46,	'Roche'),
(85,	'Scarabée'),
(60,	'Serpenroc'),
(21,	'Serpent'),
(67,	'Solitaire'),
(18,	'Souris'),
(94,	'Spirale'),
(50,	'Symbiose'),
(34,	'Taupe'),
(87,	'Terrifiant'),
(41,	'Têtard'),
(47,	'Titanesque'),
(5,	'Tortue'),
(88,	'Transport'),
(54,	'Trioiseau'),
(23,	'Vénépic'),
(7,	'Ver'),
(32,	'Vermine'),
(74,	'Vigne'),
(93,	'Virtuel');

DROP TABLE IF EXISTS `doctrine_migration_versions`;
CREATE TABLE `doctrine_migration_versions` (
  `version` varchar(191) COLLATE utf8mb3_unicode_ci NOT NULL,
  `executed_at` datetime DEFAULT NULL,
  `execution_time` int DEFAULT NULL,
  PRIMARY KEY (`version`)
) ENGINE=InnoDB DEFAULT CHARSET=utf8mb3 COLLATE=utf8mb3_unicode_ci;

INSERT INTO `doctrine_migration_versions` (`version`, `executed_at`, `execution_time`) VALUES
('DoctrineMigrations\\Version20250307144749',	'2025-03-07 14:48:32',	164),
('DoctrineMigrations\\Version20250307145744',	'2025-03-07 14:57:49',	28),
('DoctrineMigrations\\Version20250307150032',	'2025-03-07 15:00:41',	27),
('DoctrineMigrations\\Version20250307151321',	'2025-03-07 15:14:23',	1303),
('DoctrineMigrations\\Version20250314153507',	'2025-04-15 08:51:57',	34),
('DoctrineMigrations\\Version20250422135736',	'2025-04-22 13:57:51',	165),
('DoctrineMigrations\\Version20250429090306',	'2025-04-29 09:03:46',	35),
('DoctrineMigrations\\Version20250505101110',	'2025-05-05 10:11:12',	237);

DROP TABLE IF EXISTS `gender`;
CREATE TABLE `gender` (
  `id` int NOT NULL AUTO_INCREMENT,
  `name` varchar(255) COLLATE utf8mb4_unicode_ci NOT NULL,
  PRIMARY KEY (`id`)
) ENGINE=InnoDB AUTO_INCREMENT=3 DEFAULT CHARSET=utf8mb4 COLLATE=utf8mb4_unicode_ci;

INSERT INTO `gender` (`id`, `name`) VALUES
(1,	'Mâle'),
(2,	'Femelle');

DROP TABLE IF EXISTS `messenger_messages`;
CREATE TABLE `messenger_messages` (
  `id` bigint NOT NULL AUTO_INCREMENT,
  `body` longtext COLLATE utf8mb4_unicode_ci NOT NULL,
  `headers` longtext COLLATE utf8mb4_unicode_ci NOT NULL,
  `queue_name` varchar(190) COLLATE utf8mb4_unicode_ci NOT NULL,
  `created_at` datetime NOT NULL COMMENT '(DC2Type:datetime_immutable)',
  `available_at` datetime NOT NULL COMMENT '(DC2Type:datetime_immutable)',
  `delivered_at` datetime DEFAULT NULL COMMENT '(DC2Type:datetime_immutable)',
  PRIMARY KEY (`id`),
  KEY `IDX_75EA56E0FB7336F0` (`queue_name`),
  KEY `IDX_75EA56E0E3BD61CE` (`available_at`),
  KEY `IDX_75EA56E016BA31DB` (`delivered_at`)
) ENGINE=InnoDB DEFAULT CHARSET=utf8mb4 COLLATE=utf8mb4_unicode_ci;


DROP TABLE IF EXISTS `pokemon`;
CREATE TABLE `pokemon` (
  `id` int NOT NULL AUTO_INCREMENT,
  `region_id` int NOT NULL,
  `category_id` int NOT NULL,
  `name` varchar(255) COLLATE utf8mb4_unicode_ci NOT NULL,
  `numero` int NOT NULL,
  `description` longtext COLLATE utf8mb4_unicode_ci NOT NULL,
  `size` decimal(10,2) NOT NULL,
  `weight` decimal(10,2) NOT NULL,
  `image` varchar(255) COLLATE utf8mb4_unicode_ci NOT NULL,
  `evolution_precedente_id` int DEFAULT NULL,
  PRIMARY KEY (`id`),
  KEY `IDX_62DC90F398260155` (`region_id`),
  KEY `IDX_62DC90F312469DE2` (`category_id`),
  KEY `IDX_62DC90F328E59F6` (`evolution_precedente_id`),
  CONSTRAINT `FK_62DC90F312469DE2` FOREIGN KEY (`category_id`) REFERENCES `category` (`id`),
  CONSTRAINT `FK_62DC90F328E59F6` FOREIGN KEY (`evolution_precedente_id`) REFERENCES `pokemon` (`id`),
  CONSTRAINT `FK_62DC90F398260155` FOREIGN KEY (`region_id`) REFERENCES `region` (`id`)
) ENGINE=InnoDB AUTO_INCREMENT=41 DEFAULT CHARSET=utf8mb4 COLLATE=utf8mb4_unicode_ci;

INSERT INTO `pokemon` (`id`, `region_id`, `category_id`, `name`, `numero`, `description`, `size`, `weight`, `image`, `evolution_precedente_id`) VALUES
(3,	1,	2,	'Bulbizarre',	1,	'Au début de sa vie, il se nourrit des nutriments accumulés dans la graine sur son dos. Cela lui permet de grandir.',	0.70,	6.90,	'001.png',	NULL),
(4,	1,	2,	'Herbizarre',	2,	'Plus il s’expose au soleil, plus il emmagasine d’énergie, ce qui permet au bourgeon sur son dos de se développer.',	1.00,	13.00,	'002.png',	3),
(5,	1,	2,	'Florizarre',	3,	'Ce Pokémon est capable de transformer la lumière du soleil en énergie. Il est donc encore plus fort en été.',	2.00,	100.00,	'003.png',	4),
(6,	1,	3,	'Salamèche',	4,	'La flamme au bout de sa queue représente sa vitalité. Quand Salamèche n’est pas au meilleur de sa forme, elle faiblit.',	0.60,	8.50,	'004.png',	NULL),
(7,	1,	1,	'Reptincel',	5,	'En agitant sa queue enflammée, il peut élever la température ambiante de manière exponentielle et ainsi tourmenter ses adversaires',	1.10,	19.00,	'005.png',	6),
(8,	1,	1,	'Dracaufeu',	6,	'Quand Dracaufeu s’énerve réellement, la flamme au bout de sa queue devient bleue.',	1.70,	90.50,	'006.png',	7),
(9,	1,	4,	'Carapuce',	7,	'Ce Pokémon crache une écume redoutable. Après sa naissance, son dos gonfle et durcit pour former une carapace.',	0.50,	9.00,	'007.png',	NULL),
(10,	1,	5,	'Carabaffe',	8,	'Sa longue queue touffue est un symbole de longévité. Les personnes âgées apprécient donc particulièrement ce Pokémon.',	1.00,	22.50,	'008.png',	9),
(11,	1,	6,	'Tortank',	9,	'Il augmente délibérément sa masse corporelle pour contrer le recul de ses puissants jets d’eau.',	1.60,	85.50,	'009.png',	10),
(12,	1,	7,	'Chenipan',	10,	'Pour se protéger, il émet par ses antennes une odeur nauséabonde qui fait fuir ses ennemis.',	0.30,	2.90,	'010.png',	NULL),
(13,	1,	8,	'Chrysacier',	11,	'En attendant sa prochaine évolution, il ne peut que durcir sa carapace et rester immobile pour éviter de se faire attaquer.',	0.70,	9.90,	'011.png',	12),
(14,	1,	9,	'Papilusion',	12,	'Ce Pokémon raffole du nectar des fleurs. Il est capable de dénicher des champs fleuris même s’ils n’ont qu’une quantité infime de pollen.',	1.10,	32.00,	'012.png',	13),
(15,	1,	10,	'Aspicot',	13,	'L’aiguillon sur son front est très pointu. Il se cache dans les bois et les hautes herbes, où il se gave de feuilles.',	0.30,	3.20,	'013.png',	NULL),
(16,	1,	8,	'Coconfort',	14,	'Il peut à peine bouger. Quand il est menacé, il sort parfois son aiguillon pour empoisonner ses ennemis.',	0.60,	10.00,	'014.png',	15),
(17,	1,	15,	'Dardargnan',	15,	'Il se sert de ses trois aiguillons empoisonnés situés sur les pattes avant et l’abdomen pour attaquer sans relâche ses adversaires.',	1.00,	29.50,	'015.png',	16),
(18,	1,	19,	'Roucool',	16,	'De nature très docile, il préfère projeter du sable pour se défendre plutôt que contre-attaquer.',	0.30,	1.80,	'016.png',	NULL),
(19,	1,	17,	'Roucoups',	17,	'Ce Pokémon est très endurant. Il survole en permanence son territoire pour chasser.',	1.10,	30.00,	'017.png',	18),
(20,	1,	17,	'Roucarnage',	18,	'Ce Pokémon vole à Mach 2 quand il chasse. Ses grandes serres sont des armes redoutables.',	1.50,	39.50,	'018.png',	19),
(21,	1,	18,	'Rattata',	19,	'Il peut ronger n’importe quoi avec ses deux dents. Quand on en voit un, il y en a certainement 40 dans le coin.',	0.30,	3.50,	'019.png',	NULL),
(22,	1,	18,	'Rattatac',	20,	'Ses pattes arrière sont palmées. Il peut donc poursuivre sa proie dans les cours d’eau et les rivières.',	0.70,	18.50,	'020.png',	21),
(23,	1,	19,	'Piafabec',	21,	'Il est incapable de voler à haute altitude. Il se déplace très vite pour protéger son territoire.',	0.30,	2.00,	'021.png',	NULL),
(24,	1,	20,	'Rapasdepic',	22,	'Un Pokémon très ancien. S’il perçoit un danger, il fuit instantanément à haute altitude.',	1.20,	38.00,	'022.png',	23),
(25,	1,	21,	'Abo',	23,	'Sa mâchoire peut se désarticuler. Il est ainsi en mesure d’avaler de larges proies, mais ce faisant, il devient trop lourd pour bouger.',	2.00,	6.90,	'023.png',	NULL),
(26,	1,	22,	'Arbok',	24,	'Le motif sur son corps ressemble à un visage menaçant. Les adversaires les plus craintifs fuient à la seule vue de ce Pokémon.',	3.50,	65.00,	'024.png',	25),
(27,	1,	18,	'Pikachu',	25,	'Quand il s’énerve, il libère instantanément l’énergie emmagasinée dans les poches de ses joues.',	0.40,	6.00,	'025.png',	NULL),
(28,	1,	18,	'Raichu',	26,	'Il se protège des décharges grâce à sa queue, qui dissipe l’électricité dans le sol.',	0.80,	30.00,	'026.png',	27),
(29,	1,	18,	'Sabelette',	27,	'Il vit dans les profonds tunnels qu’il creuse. En cas de danger, il se roule en boule pour encaisser les coups de ses adversaires.',	0.60,	12.00,	'027.png',	NULL),
(30,	1,	18,	'Sablaireau',	28,	'Il attaque en se déplaçant rapidement et blesse ses adversaires à l’aide des piques sur son dos et de ses griffes acérées.',	1.00,	29.50,	'028.png',	29),
(31,	1,	23,	'Nidoran♀',	29,	'Son odorat est plus développé que celui du mâle. Quand Nidoran♀ cherche à manger, il reste dans le sens du vent, qu’il détecte avec ses vibrisses.',	0.40,	7.00,	'029.png',	NULL),
(32,	1,	23,	'Nidorina',	30,	'On pense que sa corne frontale s’est atrophiée pour lui permettre de nourrir ses petits sans les blesser.',	0.80,	20.00,	'030.png',	31),
(33,	1,	24,	'Nidoqueen',	31,	'Il est plus doué pour se défendre que pour attaquer. Grâce à son blindage d’écailles, il protège ses petits de toute agression.',	1.30,	60.00,	'031.png',	32),
(34,	1,	23,	'Nidoran♂',	32,	'Sa corne frontale contient un puissant poison. Les grandes oreilles de ce Pokémon très prudent sont constamment dressées.',	0.50,	9.00,	'032.png',	NULL),
(35,	1,	23,	'Nidorino',	33,	'Il erre à la recherche d’une Pierre Lune, brisant tous les rochers sur son passage avec sa corne plus solide qu’un diamant.',	0.90,	19.50,	'033.png',	34),
(36,	1,	24,	'Nidoking',	34,	'Lorsqu’il s’énerve, il devient incontrôlable, mais il retrouve son calme face à Nidoqueen, sa compagne de longue date.',	1.40,	62.00,	'034.png',	35),
(37,	1,	25,	'Mélofée',	35,	'Les Mélofée se rassemblent de toutes parts pour danser les nuits de pleine lune. Ils flottent dans les airs après avoir absorbé la lumière lunaire.',	0.60,	7.50,	'035.png',	NULL),
(38,	1,	25,	'Mélodelfe',	36,	'Ce Pokémon qui s’apparente à une fée déteste être vu. On dit qu’il vit dans le calme des montagnes reculées.',	1.30,	40.00,	'036.png',	37),
(39,	1,	26,	'Goupix',	37,	'S’il est attaqué par plus redoutable que lui, il feint la blessure et s’échappe à la première occasion.',	0.60,	9.90,	'037.png',	NULL),
(40,	1,	26,	'Feunard',	38,	'Selon la légende, chacune de ses neuf queues posséderait un pouvoir magique unique.',	1.10,	19.90,	'038.png',	39);

DROP TABLE IF EXISTS `pokemon_gender`;
CREATE TABLE `pokemon_gender` (
  `pokemon_id` int NOT NULL,
  `gender_id` int NOT NULL,
  PRIMARY KEY (`pokemon_id`,`gender_id`),
  KEY `IDX_ABAE76162FE71C3E` (`pokemon_id`),
  KEY `IDX_ABAE7616708A0E0` (`gender_id`),
  CONSTRAINT `FK_ABAE76162FE71C3E` FOREIGN KEY (`pokemon_id`) REFERENCES `pokemon` (`id`) ON DELETE CASCADE,
  CONSTRAINT `FK_ABAE7616708A0E0` FOREIGN KEY (`gender_id`) REFERENCES `gender` (`id`) ON DELETE CASCADE
) ENGINE=InnoDB DEFAULT CHARSET=utf8mb4 COLLATE=utf8mb4_unicode_ci;

INSERT INTO `pokemon_gender` (`pokemon_id`, `gender_id`) VALUES
(3,	1),
(3,	2),
(4,	1),
(4,	2),
(5,	1),
(5,	2),
(6,	1),
(6,	2),
(7,	1),
(7,	2),
(8,	1),
(8,	2),
(9,	1),
(9,	2),
(10,	1),
(10,	2),
(11,	1),
(11,	2),
(12,	1),
(12,	2),
(13,	1),
(13,	2),
(14,	1),
(14,	2),
(15,	1),
(15,	2),
(16,	1),
(16,	2),
(17,	1),
(17,	2),
(18,	1),
(18,	2),
(19,	1),
(19,	2),
(20,	1),
(20,	2),
(21,	1),
(21,	2),
(22,	1),
(22,	2),
(23,	1),
(23,	2),
(24,	1),
(24,	2),
(25,	1),
(25,	2),
(26,	1),
(26,	2),
(27,	1),
(27,	2),
(28,	1),
(28,	2),
(29,	1),
(29,	2),
(30,	1),
(30,	2),
(31,	2),
(32,	2),
(33,	2),
(34,	1),
(35,	1),
(36,	1),
(37,	1),
(37,	2),
(38,	1),
(38,	2),
(39,	1),
(39,	2),
(40,	1),
(40,	2);

DROP TABLE IF EXISTS `pokemon_talent`;
CREATE TABLE `pokemon_talent` (
  `pokemon_id` int NOT NULL,
  `talent_id` int NOT NULL,
  PRIMARY KEY (`pokemon_id`,`talent_id`),
  KEY `IDX_7A307EA12FE71C3E` (`pokemon_id`),
  KEY `IDX_7A307EA118777CEF` (`talent_id`),
  CONSTRAINT `FK_7A307EA118777CEF` FOREIGN KEY (`talent_id`) REFERENCES `talent` (`id`) ON DELETE CASCADE,
  CONSTRAINT `FK_7A307EA12FE71C3E` FOREIGN KEY (`pokemon_id`) REFERENCES `pokemon` (`id`) ON DELETE CASCADE
) ENGINE=InnoDB DEFAULT CHARSET=utf8mb4 COLLATE=utf8mb4_unicode_ci;

INSERT INTO `pokemon_talent` (`pokemon_id`, `talent_id`) VALUES
(3,	2),
(4,	2),
(5,	2),
(6,	1),
(7,	1),
(8,	1),
(9,	3),
(10,	3),
(11,	3),
(12,	4),
(13,	5),
(14,	6),
(15,	4),
(16,	5),
(17,	8),
(18,	9),
(18,	10),
(19,	9),
(19,	10),
(20,	9),
(20,	10),
(21,	11),
(21,	12),
(22,	11),
(22,	12),
(23,	9),
(24,	9),
(25,	5),
(25,	13),
(26,	5),
(26,	13),
(27,	14),
(28,	14),
(29,	15),
(30,	15),
(31,	16),
(31,	17),
(32,	16),
(32,	17),
(33,	16),
(33,	17),
(34,	16),
(34,	17),
(35,	16),
(35,	17),
(36,	16),
(36,	17),
(37,	18),
(37,	19),
(38,	18),
(38,	19),
(39,	20),
(40,	20);

DROP TABLE IF EXISTS `pokemon_type`;
CREATE TABLE `pokemon_type` (
  `pokemon_id` int NOT NULL,
  `type_id` int NOT NULL,
  PRIMARY KEY (`pokemon_id`,`type_id`),
  KEY `IDX_B077296A2FE71C3E` (`pokemon_id`),
  KEY `IDX_B077296AC54C8C93` (`type_id`),
  CONSTRAINT `FK_B077296A2FE71C3E` FOREIGN KEY (`pokemon_id`) REFERENCES `pokemon` (`id`) ON DELETE CASCADE,
  CONSTRAINT `FK_B077296AC54C8C93` FOREIGN KEY (`type_id`) REFERENCES `type` (`id`) ON DELETE CASCADE
) ENGINE=InnoDB DEFAULT CHARSET=utf8mb4 COLLATE=utf8mb4_unicode_ci;

INSERT INTO `pokemon_type` (`pokemon_id`, `type_id`) VALUES
(3,	3),
(4,	3),
(4,	6),
(5,	3),
(5,	6),
(6,	1),
(7,	1),
(8,	1),
(8,	4),
(9,	7),
(10,	7),
(11,	7),
(12,	11),
(13,	11),
(14,	4),
(14,	11),
(15,	6),
(15,	11),
(16,	6),
(16,	11),
(17,	6),
(17,	11),
(18,	4),
(18,	15),
(19,	4),
(19,	15),
(20,	4),
(20,	15),
(21,	15),
(22,	15),
(23,	4),
(23,	15),
(24,	4),
(24,	15),
(25,	6),
(26,	6),
(27,	8),
(28,	8),
(29,	10),
(30,	10),
(31,	6),
(32,	6),
(33,	6),
(33,	10),
(34,	6),
(35,	6),
(36,	6),
(36,	10),
(37,	13),
(38,	13),
(39,	1),
(40,	1);

DROP TABLE IF EXISTS `pokemon_weakness`;
CREATE TABLE `pokemon_weakness` (
  `pokemon_id` int NOT NULL,
  `type_id` int NOT NULL,
  PRIMARY KEY (`pokemon_id`,`type_id`),
  KEY `IDX_E8ECF4E72FE71C3E` (`pokemon_id`),
  KEY `IDX_E8ECF4E7C54C8C93` (`type_id`),
  CONSTRAINT `FK_E8ECF4E72FE71C3E` FOREIGN KEY (`pokemon_id`) REFERENCES `pokemon` (`id`) ON DELETE CASCADE,
  CONSTRAINT `FK_E8ECF4E7C54C8C93` FOREIGN KEY (`type_id`) REFERENCES `type` (`id`) ON DELETE CASCADE
) ENGINE=InnoDB DEFAULT CHARSET=utf8mb4 COLLATE=utf8mb4_unicode_ci;

INSERT INTO `pokemon_weakness` (`pokemon_id`, `type_id`) VALUES
(3,	1),
(3,	2),
(3,	4),
(3,	5),
(4,	1),
(4,	2),
(4,	4),
(4,	5),
(5,	1),
(5,	2),
(5,	4),
(5,	5),
(6,	7),
(6,	9),
(6,	10),
(7,	7),
(7,	9),
(7,	10),
(8,	6),
(8,	7),
(8,	8),
(9,	3),
(9,	8),
(10,	3),
(10,	8),
(11,	3),
(11,	8),
(12,	1),
(12,	4),
(12,	9),
(13,	1),
(13,	4),
(13,	9),
(14,	1),
(14,	2),
(14,	4),
(14,	8),
(14,	9),
(15,	1),
(15,	4),
(15,	5),
(15,	9),
(16,	1),
(16,	4),
(16,	5),
(16,	9),
(17,	1),
(17,	4),
(17,	5),
(17,	9),
(18,	2),
(18,	8),
(18,	9),
(19,	2),
(19,	8),
(19,	9),
(20,	8),
(20,	9),
(20,	19),
(21,	18),
(22,	18),
(23,	2),
(23,	8),
(23,	9),
(24,	2),
(24,	8),
(24,	9),
(25,	5),
(25,	10),
(26,	5),
(26,	10),
(27,	10),
(28,	10),
(29,	2),
(29,	3),
(29,	7),
(30,	2),
(30,	3),
(30,	7),
(31,	5),
(31,	7),
(32,	5),
(32,	10),
(33,	2),
(33,	5),
(33,	7),
(33,	10),
(34,	5),
(34,	10),
(35,	5),
(35,	10),
(36,	2),
(36,	5),
(36,	7),
(36,	10),
(37,	6),
(37,	16),
(38,	6),
(38,	16),
(39,	7),
(39,	9),
(39,	10),
(40,	7),
(40,	9),
(40,	10);

DROP TABLE IF EXISTS `region`;
CREATE TABLE `region` (
  `id` int NOT NULL AUTO_INCREMENT,
  `name` varchar(255) COLLATE utf8mb4_unicode_ci NOT NULL,
  PRIMARY KEY (`id`)
) ENGINE=InnoDB AUTO_INCREMENT=11 DEFAULT CHARSET=utf8mb4 COLLATE=utf8mb4_unicode_ci;

INSERT INTO `region` (`id`, `name`) VALUES
(1,	'Kanto'),
(2,	'Johto'),
(3,	'Hoenn'),
(4,	'Sinnoh'),
(5,	'Hisui'),
(6,	'Unys'),
(7,	'Kalos'),
(8,	'Alola'),
(9,	'Galar'),
(10,	'Paldea');

DROP TABLE IF EXISTS `talent`;
CREATE TABLE `talent` (
  `id` int NOT NULL AUTO_INCREMENT,
  `name` varchar(255) COLLATE utf8mb4_unicode_ci NOT NULL,
  `description` longtext COLLATE utf8mb4_unicode_ci NOT NULL,
  PRIMARY KEY (`id`)
) ENGINE=InnoDB AUTO_INCREMENT=36 DEFAULT CHARSET=utf8mb4 COLLATE=utf8mb4_unicode_ci;

INSERT INTO `talent` (`id`, `name`, `description`) VALUES
(1,	'Brasier',	'Augmente la puissance des capacités de type Feu du Pokémon quand il a perdu une certaine quantité de PV.'),
(2,	'Engrais',	'Augmente la puissance des capacités de type Plante du Pokémon quand il a perdu une certaine quantité de PV.'),
(3,	'Torrent',	'Augmente la puissance des capacités de type Eau du Pokémon quand il a perdu une certaine quantité de PV.'),
(4,	'Écran Poudre',	'Le Pokémon dispose d’un écran naturel qui le protège des effets additionnels des attaques ennemies.'),
(5,	'Mue',	'Le Pokémon soigne parfois ses altérations de statut en muant.'),
(6,	'Œil Composé',	'Les yeux à facettes du Pokémon augmentent la Précision de ses capacités.'),
(8,	'Essaim',	'Augmente la puissance des capacités de type Insecte du Pokémon quand il a perdu une certaine quantité de PV.'),
(9,	'Regard Vif',	'Les yeux perçants du Pokémon empêchent sa Précision de baisser.'),
(10,	'Pieds Confus',	'Augmente l’Esquive du Pokémon s’il est confus.'),
(11,	'Fuite',	'Permet de fuir n’importe quel Pokémon sauvage.'),
(12,	'Cran',	'Augmente l’Attaque du Pokémon s’il est affecté par une altération de statut.'),
(13,	'Intimidation',	'Le Pokémon rugit lorsqu\'il arrive au combat, ce qui intimide l’ennemi et baisse son Attaque.'),
(14,	'Statik',	'Le Pokémon charge son corps en électricité statique, et tout contact avec lui peut paralyser.'),
(15,	'Voile Sable',	'Augmente l’Esquive du Pokémon lors des tempêtes de sable.'),
(16,	'Point Poison',	'Peut empoisonner l’attaquant lorsque le Pokémon subit une attaque directe.'),
(17,	'Rivalité',	'Le Pokémon déteste la concurrence et inflige plus de dégâts si sa cible est du même sexe. Par contre, il en inflige moins si sa cible est du sexe opposé.'),
(18,	'Garde Magik',	'Seules les attaques peuvent blesser le Pokémon.'),
(19,	'Joli Sourire',	'Peut séduire l’attaquant lorsque le Pokémon subit une attaque directe.'),
(20,	'Torche',	'Lorsque le Pokémon est touché par une capacité de type Feu, il absorbe la chaleur pour renforcer ses propres capacités Feu.'),
(21,	'Battant',	'Augmente beaucoup l’Attaque Spéciale du Pokémon quand ses stats ont été baissées par l’adversaire.'),
(22,	'Attention',	'Le Pokémon a un mental à toute épreuve qui empêche les attaques ennemies de lui faire peur. Il est aussi immunisé contre le talent Intimidation.'),
(23,	'Chlorophylle',	'Augmente la Vitesse du Pokémon s’il y a du soleil.'),
(24,	'Peau Sèche',	'Quand le soleil brille, le Pokémon perd des PV et subit plus de dégâts des capacités Feu, mais il regagne des PV lorsqu’il pleut ou s’il est touché par une capacité Eau.'),
(25,	'Pose Spore',	'Peut paralyser, empoisonner ou endormir l’attaquant lorsque le Pokémon subit une attaque directe.'),
(26,	'Lentiteintée',	'Permet à une capacité qui n’est pas très efficace d’infliger des dégâts comme si elle était efficace normalement.'),
(27,	'Piège Sable',	'Empêche l’adversaire de quitter le terrain.'),
(28,	'Ramassage',	'Permet parfois au Pokémon de ramasser les objets que d’autres Pokémon ont utilisés. Il lui arrive aussi d’en trouver hors des combats.'),
(29,	'Technicien',	'Augmente la puissance des capacités les plus faibles.'),
(30,	'Échauffement',	'Le Pokémon s’est suffisamment échauffé, ce qui l’immunise contre la paralysie.'),
(31,	'Ciel Gris',	'Annule tous les effets liés à la météo.'),
(32,	'Moiteur',	'Le Pokémon augmente l’humidité de l’air, ce qui empêche tous les Pokémon d’utiliser des capacités explosives telles que Destruction.'),
(33,	'Colérique',	'Si le Pokémon subit un coup critique, il entre dans une colère noire qui augmente son Attaque au maximum.'),
(34,	'Esprit Vital',	'Empêche le Pokémon de s’endormir.'),
(35,	'Absorbe-Eau',	'Si le Pokémon est touché par une capacité Eau, il ne subit aucun dégât et regagne des PV à la place.');

DROP TABLE IF EXISTS `type`;
CREATE TABLE `type` (
  `id` int NOT NULL AUTO_INCREMENT,
  `name` varchar(255) COLLATE utf8mb4_unicode_ci NOT NULL,
  `color` varchar(255) COLLATE utf8mb4_unicode_ci NOT NULL,
  `background_color` varchar(255) COLLATE utf8mb4_unicode_ci NOT NULL,
  PRIMARY KEY (`id`)
) ENGINE=InnoDB AUTO_INCREMENT=20 DEFAULT CHARSET=utf8mb4 COLLATE=utf8mb4_unicode_ci;

INSERT INTO `type` (`id`, `name`, `color`, `background_color`) VALUES
(1,	'Feu',	'#ffffff',	'#f1721e'),
(2,	'Glace',	'#000000',	'#6faae2'),
(3,	'Plante',	'#000000',	'#38c749'),
(4,	'Vol',	'#000000',	'#9ddbdd'),
(5,	'Psy',	'#ffffff',	'#c45a98'),
(6,	'Poison',	'#ffffff',	'#b35dcb'),
(7,	'Eau',	'#ffffff',	'#4687dd'),
(8,	'Électrik',	'#000000',	'#e1c614'),
(9,	'Roche',	'#ffffff',	'#676419'),
(10,	'Sol',	'#000000',	'#877621'),
(11,	'Insecte',	'#ffffff',	'#6ec931'),
(12,	'Dragon',	'#ffffff',	'#146154'),
(13,	'Fée',	'#000000',	'#e69ee0'),
(14,	'Spectre',	'#ffffff',	'#4a0f85'),
(15,	'Normal',	'#000000',	'#d0c8c8'),
(16,	'Acier',	'#000000',	'#8a8a8a'),
(17,	'Ténèbres',	'#ffffff',	'#292929'),
(18,	'Combat',	'#ffffff',	'#cf6a17'),
(19,	'Glace',	'#000000',	'#56b9d2');

DROP TABLE IF EXISTS `user`;
CREATE TABLE `user` (
  `id` int NOT NULL AUTO_INCREMENT,
  `email` varchar(180) COLLATE utf8mb4_unicode_ci NOT NULL,
  `roles` json NOT NULL,
  `password` varchar(255) COLLATE utf8mb4_unicode_ci NOT NULL,
  PRIMARY KEY (`id`),
  UNIQUE KEY `UNIQ_IDENTIFIER_EMAIL` (`email`)
) ENGINE=InnoDB AUTO_INCREMENT=3 DEFAULT CHARSET=utf8mb4 COLLATE=utf8mb4_unicode_ci;

INSERT INTO `user` (`id`, `email`, `roles`, `password`) VALUES
(1,	'b.lespagnol@gmail.com',	'[\"ROLE_ADMIN\"]',	'$2y$13$LGJ6dGBP/CSnlyCvROabj.8rwPY9wdrXmtRGgg.qcikdJU.UPqx.C'),
(2,	'b.lespagnol@email.com',	'[\"ROLE_ADMIN\"]',	'$2y$13$H0LWhaqKz.cCdAZ.Scr71OWnNQoMR86vBP3CqEyuzx.f4sbIyPlBi');

DROP TABLE IF EXISTS `user_pokemon`;
CREATE TABLE `user_pokemon` (
  `user_id` int NOT NULL,
  `pokemon_id` int NOT NULL,
  PRIMARY KEY (`user_id`,`pokemon_id`),
  KEY `IDX_3AD18EF9A76ED395` (`user_id`),
  KEY `IDX_3AD18EF92FE71C3E` (`pokemon_id`),
  CONSTRAINT `FK_3AD18EF92FE71C3E` FOREIGN KEY (`pokemon_id`) REFERENCES `pokemon` (`id`) ON DELETE CASCADE,
  CONSTRAINT `FK_3AD18EF9A76ED395` FOREIGN KEY (`user_id`) REFERENCES `user` (`id`) ON DELETE CASCADE
) ENGINE=InnoDB DEFAULT CHARSET=utf8mb4 COLLATE=utf8mb4_unicode_ci;

INSERT INTO `user_pokemon` (`user_id`, `pokemon_id`) VALUES
(2,	3),
(2,	8),
(2,	9),
(2,	27),
(2,	37);

-- 2025-05-06 11:18:38
